Dates;Market;SMB;HML;RMW;CMA;UMD;ROE;IA;BAB
196702;0,0078;0,0334;-0,0217;0,0194;-0,0094;0,0356;0,035317;-0,002064;0,0262
196703;0,0399;0,0163;0,0031;0,009;-0,0151;0,0142;0,018876;-0,016933;0,0081
196704;0,0389;0,0062;-0,0264;0,0243;-0,0375;0,0064;0,010983;-0,029519;0,0171
196705;-0,0433;0,0198;0,008;-0,0175;0,0161;0,0067;0,005234;0,024686;0,0201
196706;0,0241;0,0596;0,0096;-0,0064;-0,0239;0,0603;0,002945;-0,0217;-0,0163
196707;0,0458;0,0308;0,0265;0,0051;0,0272;-0,0107;-0,007125;0,023713;0,0456
196708;-0,0089;0,0047;0,0146;0,0042;0,0141;-0,0141;-0,00678;0,018169;0,0227
196709;0,0311;0,031;-0,0247;0,0022;-0,0095;0,0255;0,00764;-0,004427;0,0213
196710;-0,0309;0,0142;-0,0339;0,0081;-0,0255;0,0367;0,033736;-0,024696;-0,0004
196711;0,0037;0,002;-0,0171;0,0129;-0,0229;0,0129;0,007948;-0,027052;-0,0075
196712;0,0305;0,0573;-0,0039;-0,0064;0,0003;0,0323;0,008415;0,003024;0,002
196801;-0,0406;0,0391;0,0475;-0,0458;0,0645;-0,0464;-0,027611;0,047175;0,0629
196802;-0,0375;-0,0295;0,0117;-0,0014;0,0249;-0,0341;-0,003786;0,027512;0,0213
196803;0,002;-0,0128;-0,0059;0,0117;-0,0115;0,0318;0,016762;-0,011343;-0,0158
196804;0,0905;0,0573;-0,0103;0,0279;-0,0366;0,0515;0,037654;-0,026056;0,0017
196805;0,0228;0,0643;0,0084;0,0039;-0,0182;0,0373;0,0196;-0,023165;0,0181
196806;0,0069;-0,0017;0,0067;-0,0133;0,0268;-0,0192;-0,00477;0,024451;0,0689
196807;-0,0272;-0,013;0,0548;-0,03;0,0361;-0,0084;-0,02101;0,027644;0,0247
196808;0,0134;0,0234;0,01;-0,006;0,004;0,0188;-0,007607;0,00369;0,0015
196809;0,0403;0,0276;0,0023;-0,0203;0,0092;-0,0067;-0,034236;-0,005757;0,0071
196810;0,0042;-0,0047;0,0289;-0,013;0,0281;-0,0152;0,006051;0,026934;0,0322
196811;0,0543;0,0235;-0,009;0,0046;-0,0252;0,0173;-0,004084;-0,0135;0,0257
196812;-0,0394;0,0344;0,0002;-0,0178;0,0165;0,0011;-0,007669;0,025891;0,0105
196901;-0,0125;-0,0078;0,0169;-0,0154;0,0141;-0,0015;-0,000599;0,011287;0,0069
196902;-0,0584;-0,0389;0,0091;0,0217;0,008;-0,0246;0,010708;0,008468;-0,0031
196903;0,0264;-0,0025;-0,0046;-0,0134;-0,0042;0,0395;0,019151;0,004342;-0,0176
196904;0,0146;-0,0088;0,0003;0,0038;0,0006;0,0117;0,020249;0,005729;-0,0048
196905;-0,001;-0,0027;0,0073;-0,0097;0,0149;0,0168;-0,000632;0,014177;0,0176
196906;-0,0718;-0,0539;-0,0109;0,0426;-0,0155;-0,0223;0,034035;-0,006272;-0,0131
196907;-0,07;-0,0321;0,0142;0,014;0,0197;0,0164;0,020585;0,019971;-0,0104
196908;0,0468;0,0094;-0,0387;0,0116;-0,0408;0,0214;0,004656;-0,025157;-0,0131
196909;-0,0298;0,012;-0,0319;0,0342;-0,0083;0,0253;0,020461;0,000668;0,0012
196910;0,0506;0,0381;-0,0319;0,0001;-0,0203;-0,0432;-0,010961;-0,015403;0,012
196911;-0,0379;-0,0253;-0,0112;0,0144;0,0032;0,036;0,027251;0,001868;-0,0038
196912;-0,0263;-0,0367;-0,0302;0,0247;-0,0204;0,0505;0,035171;-0,006988;0,0057
197001;-0,081;0,029;0,0304;-0,0177;0,0392;0,0062;-0,011151;0,03543;0,0098
197002;0,0513;-0,024;0,0404;-0,0228;0,0306;0,0012;-0,02148;0,017291;0,0261
197003;-0,0106;-0,0232;0,0425;-0,0087;0,0443;-0,0029;-0,009004;0,033862;0,0418
197004;-0,11;-0,0611;0,064;-0,0064;0,0588;-0,0073;0,003842;0,051869;0,0139
197005;-0,0692;-0,0452;0,036;-0,013;0,0362;-0,0273;0,002447;0,031902;-0,0499
197006;-0,0579;-0,0216;0,0087;0,0019;0,029;0,0578;0,026608;0,037465;0,0439
197007;0,0693;-0,0054;0,0096;-0,0007;0,019;-0,0294;-0,008376;0,025463;0,034
197008;0,0449;0,0152;0,0103;0,0057;-0,0015;-0,065;-0,033301;-0,008656;-0,0109
197009;0,0418;0,0862;-0,0558;0,0024;-0,0593;-0,0892;-0,013578;-0,045667;-0,0548
197010;-0,0228;-0,0428;0,0027;0,0183;0,0238;0,0961;0,054955;0,029508;0,0433
197011;0,046;-0,0407;0,0163;0,0175;0,0159;0,0289;0,006343;0,007996;0,0437
197012;0,0572;0,0297;0,0101;0,0014;0,0028;-0,0219;-0,010453;0,002506;0,0605
197101;0,0484;0,0737;0,0138;-0,0219;-0,0014;-0,0671;-0,043397;-0,002393;-0,0154
197102;0,0141;0,0188;-0,0129;0,0065;-0,0072;0,0081;0,024201;0,006299;-0,0028
197103;0,0413;0,0254;-0,0404;0,0197;-0,0269;-0,0121;0,019082;-0,019517;0,0006
197104;0,0315;-0,0049;0,0072;-0,0156;0,0072;0,0132;-0,011778;0,013011;-0,0027
197105;-0,0398;-0,011;-0,0138;0,0146;0,003;0,0089;0,014227;0,008408;-0,0042
197106;-0,001;-0,0142;-0,0206;0,0152;-0,0174;0,0272;0,043661;-0,007086;0,0155
197107;-0,045;-0,015;0,0017;0,0048;0,0162;-0,0237;0,02382;0,023799;0,0152
197108;0,0379;-0,0016;0,0267;-0,0034;0,026;0,0351;-0,033154;0,015681;-0,0004
197109;-0,0085;0,0041;-0,0296;0,0259;-0,0156;0,0209;0,027789;0,000654;0,0008
197110;-0,0442;-0,018;-0,0043;0,0148;-0,0124;0,0046;0,01818;-0,008146;0,0084
197111;-0,0046;-0,0285;-0,017;0,0245;-0,0036;0,0148;0,016929;-0,002272;-0,0006
197112;0,0871;0,0332;-0,0035;-0,0043;-0,0183;-0,0068;-0,014548;-0,02149;0,0298
197201;0,0249;0,0612;0,0199;-0,0148;0,0029;0,0024;-0,065071;0,001462;-0,0423
197202;0,0287;0,0137;-0,0276;0,0165;-0,0052;0,027;0,010483;0,019682;-0,0034
197203;0,0063;-0,0027;-0,0173;0,0158;-0,0019;0,0291;0,020909;0,018522;0,013
197204;0,0029;0,0001;0,0023;-0,0059;-0,0089;0,029;0,007439;0,003007;-0,003
197205;0,0125;-0,0279;-0,0269;0,0233;-0,0185;0,0319;0,020885;-0,014978;0,0102
197206;-0,0243;0,0033;-0,0251;0,0175;-0,0036;0,0193;0,035904;-0,000442;0,0006
197207;-0,008;-0,0289;0,0078;0,0108;-0,0059;0,0275;0,021009;-0,003813;0,0145
197208;0,0326;-0,0409;0,0469;-0,0202;0,0295;-0,0534;-0,015003;0,035751;0,0228
197209;-0,0114;-0,0267;0,0047;0,0167;-0,0198;0,0175;0,021073;-0,011171;0,003
197210;0,0052;-0,0274;0,0137;-0,0012;-0,0005;0,0075;-0,004273;-0,004564;0,0245
197211;0,046;-0,0111;0,0476;-0,0198;0,0335;-0,0514;-0,040002;0,026856;0,0304
197212;0,0062;-0,0186;-0,0227;0,026;-0,022;0,0498;0,029658;-0,014356;0,0154
197301;-0,0329;-0,0348;0,0268;0,004;0,0092;0,0371;-0,004243;0,003819;-0,0085
197302;-0,0485;-0,0399;0,017;-0,0034;-0,0001;0,0212;-0,010202;0,000895;-0,0002
197303;-0,013;-0,0282;0,0278;-0,0107;0,0073;0,0362;-0,019084;0,005769;-0,0061
197304;-0,0568;-0,0399;0,0569;-0,0163;0,0271;0,064;-0,004763;0,031285;0,0129
197305;-0,0294;-0,0612;0,0021;0,0202;-0,0179;0,0709;0,015506;-0,004296;0,0071
197306;-0,0156;-0,0295;0,0144;-0,0027;0,0022;0,0431;-0,002085;0,004198;-0,0079
197307;0,0505;0,0792;-0,0535;-0,001;-0,0346;-0,1169;0,011344;-0,057598;-0,0394
197308;-0,0382;-0,0202;0,0113;-0,0136;0,012;0,0342;0,014658;0,016852;-0,0027
197309;0,0475;0,0294;0,0219;-0,023;0,0182;-0,0703;-0,01298;0,021917;0,0224
197310;-0,0083;-0,0023;0,0175;-0,0194;0,0259;0,0675;0,004963;0,026122;0,0135
197311;-0,1275;-0,0771;0,0409;-0,0271;0,015;0,0863;-0,011485;0,019803;-0,0412
197312;0,0061;-0,0529;0,041;-0,028;0,023;0,1039;0,036897;0,025209;0,016
197401;-0,0017;0,0976;0,0598;-0,0301;0,0446;-0,0882;-0,047769;0,020989;-0,0205
197402;-0,0047;0,0004;0,0256;-0,0193;0,0267;0,0014;-0,010424;0,021141;0,0237
197403;-0,0281;0,0251;-0,0011;0,0282;0,0036;-0,0099;0,01822;-0,000561;0,0063
197404;-0,0529;-0,007;0,0103;0,0286;0,0184;0,02;0,022048;0,023695;-0,0348
197405;-0,0468;-0,03;-0,0207;0,0508;-0,0001;-0,0026;0,022504;-0,003267;-0,016
197406;-0,0283;-0,002;0,0077;0,0062;0,0305;0,0237;0,015679;0,015964;-0,0037
197407;-0,0805;0,0092;0,0514;-0,0326;0,0458;0,0301;0,025754;0,044291;-0,0028
197408;-0,0935;-0,0068;0,025;-0,0026;0,0255;0,03;0,02971;0,031493;-0,0477
197409;-0,1177;0,0027;0,0549;-0,0428;0,0591;0,0432;-0,023265;0,048696;-0,0109
197410;0,161;-0,0351;-0,0999;-0,0003;-0,0294;-0,005;0,084657;-0,01866;0,0458
197411;-0,0451;-0,0117;-0,0016;-0,0339;0,0295;0,0217;0,017198;0,025433;-0,0147
197412;-0,0345;-0,0484;0;-0,0065;0,0323;0,0295;0,004904;0,021589;-0,0267
197501;0,1366;0,1101;0,0844;-0,0089;-0,0086;-0,1389;-0,116678;-0,005409;0,0484
197502;0,0556;0,0016;-0,0456;0,0115;-0,0214;-0,0055;0,035775;-0,016715;-0,0069
197503;0,0266;0,0375;0,0249;0,0123;-0,0125;-0,0199;-0,017323;-0,006368;-0,0406
197504;0,0423;-0,0054;-0,0111;0,0137;-0,0135;0,0134;0,033383;-0,000429;0,0115
197505;0,0519;0,0383;-0,0402;-0,0105;-0,0061;-0,0047;-0,002728;-0,001207;0,0139
197506;0,0483;0,0076;0,0132;-0,0262;0,0107;0,0006;-0,015739;0,003474;0,0295
197507;-0,0659;0,0269;0,017;0,0043;0,0119;0,0042;-0,013878;0,014388;0,0401
197508;-0,0285;-0,032;-0,009;0,0103;-0,0089;-0,0013;0,00713;-0,001715;-0,0029
197509;-0,0426;-0,0013;0,0034;0,0053;0,005;0,0032;0,016701;0,013497;0,0256
197510;0,0531;-0,0402;0,003;-0,0046;0,0227;-0,0014;0,024021;0,029666;0,0194
197511;0,0264;-0,0119;0,0199;-0,0062;0,0171;-0,0045;0,006747;0,01579;0,0147
197512;-0,016;-0,0076;0,0175;-0,0012;0,006;-0,0012;-0,022549;-0,000444;-0,018
197601;0,1216;0,048;0,0858;-0,019;0,0236;0,0446;-0,026485;0,014911;0,0254
197602;0,0032;0,0703;0,0578;-0,0258;0,0384;0,0036;-0,037705;0,021535;0,0066
197603;0,0232;-0,0117;-0,0004;-0,0038;0,0109;0,0019;0,024445;0,016998;-0,0045
197604;-0,0149;-0,0003;-0,0006;0,0039;-0,011;0,005;-0,00282;-0,007454;0,025
197605;-0,0134;-0,0124;-0,0132;0,0247;-0,0142;-0,011;0,004638;-0,009753;0,0021
197606;0,0405;-0,0135;0,0068;-0,0059;0,0093;-0,0042;-0,000402;0,01342;-0,0134
197607;-0,0107;0,0031;0,0174;-0,0109;0,0029;-0,0012;0,007522;0,009213;0,0187
197608;-0,0056;-0,0201;0,0079;-0,0046;-0,0059;-0,0085;1,90E-05;-0,005975;0,0138
197609;0,0207;0;-0,0029;0,0099;-0,0114;0,0024;0,011099;-0,014154;0,0172
197610;-0,0242;0,0025;-0,0013;-0,0022;-0,0031;-0,0048;0,00298;-0,011258;0,0112
197611;0,0036;0,0232;0,0151;-0,0139;0,0008;0,029;-0,005127;-0,002677;0,0045
197612;0,0565;0,0301;0,0222;-0,0062;0,0223;0,0077;-0,010926;0,018146;0,0317
197701;-0,0405;0,0478;0,0426;-0,0053;0,0193;0,0398;-0,021494;0,009953;0,0407
197702;-0,0194;0,0108;0,005;-0,0013;-0,0019;0,0035;0,01251;0,00121;0,0249
197703;-0,0137;0,0099;0,0102;-0,0032;-0,0009;0,0049;0,002845;-0,001567;0,0123
197704;0,0015;-0,0012;0,0345;-0,0203;0,0116;0,0422;0,003708;0,012277;0,0106
197705;-0,0145;0,0118;0,0084;0,0033;0,0011;0,0201;0,017462;0,002061;0,0104
197706;0,0471;0,0213;-0,0064;0,0088;-0,0122;0,0177;0,023207;-0,00707;-0,0022
197707;-0,0169;0,0212;-0,0059;0,0083;0,0001;0,0031;0,017279;0,010303;0,0286
197708;-0,0175;0,0152;-0,0279;0,0096;-0,0062;-0,0178;0,013905;-0,009221;0,0034
197709;-0,0027;0,0145;-0,0049;0,0123;-0,0084;0,0206;0,013822;-0,000246;0,0041
197710;-0,0438;0,0127;0,0172;-0,003;-0,0046;-0,0013;-0,009856;-0,005652;0,0018
197711;0,04;0,0372;0,0031;-0,0005;0,0065;0,0219;0,02565;0,01202;0,0028
197712;0,0027;0,0135;-0,0037;0,0094;-0,0065;0,0156;0,012518;0,000436;0,0237
197801;-0,0601;0,0222;0,0331;-0,0167;0,0153;-0,0072;-0,017383;0,009791;0,0023
197802;-0,0138;0,0359;0,0076;0,0036;0,0104;0,019;0,000728;0,013206;0,0149
197803;0,0285;0,0348;0,012;-0,006;0,0188;0,0137;-4,40E-05;0,025349;0,0163
197804;0,0788;0,004;-0,0354;0,0282;-0,0135;0,0085;0,055452;-0,00362;0,0321
197805;0,0176;0,0456;-0,0062;0,0027;0,0036;0,0285;0,00503;0,008898;0,0221
197806;-0,0169;0,0169;0,0059;-0,0144;-0,0002;0,0278;0,015126;0,0043;0,021
197807;0,0511;0,0026;-0,0111;0,0158;-0,0078;0,0422;0,0182;0,002737;0,0037
197808;0,0375;0,0506;-0,0046;0,0139;0,0042;0,0282;0,019068;0,011637;0,0465
197809;-0,0143;-0,0039;0,0187;-0,0068;0,018;-0,0311;-0,035455;0,002454;0,0239
197810;-0,1191;-0,0988;0,0136;0,0017;0,0103;-0,0839;-0,011601;0,005996;-0,0375
197811;0,0271;0,0301;-0,0222;0,0109;-0,0121;0,0552;0,012777;-0,010321;-0,0421
197812;0,0088;0,0124;-0,0219;0,0196;-0,0138;0,0305;0,026761;-0,010916;0,0022
197901;0,0423;0,0366;0,0227;-0,025;0,0157;-0,0124;-0,012204;0,016783;0,0334
197902;-0,0356;0,0045;0,012;-0,0114;0,0104;-0,0106;-0,024104;-0,004669;0,0104
197903;0,0568;0,0319;-0,0067;0,0062;0,0028;0,0288;0,023211;0,00762;-0,0135
197904;-0,0006;0,0218;0,0105;0,0105;0,0021;0,0081;0,018596;0,008093;0,0113
197905;-0,0221;0,0016;0,0132;-0,0139;-0,0035;-0,0057;-0,006354;-0,000488;-0,0012
197906;0,0385;0,0117;0,0148;-0,0161;-0,0045;0,0082;-0,010071;-0,008884;0,0165
197907;0,0082;0,0126;0,017;-0,002;0,0059;-0,0109;0,005525;0,006421;0,016
197908;0,0553;0,0208;-0,0155;0,0158;-0,0145;-0,0023;0,028977;-0,00348;0,0196
197909;-0,0082;-0,0025;-0,0087;0,0102;0,0054;0,0534;0,006966;-0,001385;0,0039
197910;-0,081;-0,0334;-0,0186;0,0104;0,0024;0,0212;0,009841;0,000203;-0,047
197911;0,0521;0,0274;-0,0325;0,0011;-0,02;0,0796;0,022859;-0,025489;-0,016
197912;0,0179;0,0417;-0,0198;-0,0067;-0,0101;0,0478;0,012236;-0,011103;0,0084
198001;0,0551;0,0165;0,018;-0,0167;0,0201;0,0751;0,017475;0,013627;0,0263
198002;-0,0122;-0,0182;0,0062;0,0011;0,0304;0,0788;0,022602;0,016345;-0,0153
198003;-0,129;-0,0664;-0,0106;0,0138;-0,0134;-0,0959;-0,011728;0,007581;-0,0471
198004;0,0397;0,0097;0,0106;-0,0209;0,0054;-0,0042;0,001694;0,012175;0,0209
198005;0,0526;0,0216;0,0039;0,0031;-0,0047;-0,0111;-0,00941;-0,013314;0,0365
198006;0,0306;0,0167;-0,0089;-0,0009;-0,0095;0,0159;0,030683;-0,011272;0,0369
198007;0,0649;0,0425;-0,063;0,0394;-0,0246;0,0037;-0,005185;-0,022885;-0,0094
198008;0,018;0,0392;-0,0264;0,021;-0,008;0,0319;0,024955;0,006597;0,0152
198009;0,0219;0,0089;-0,0479;0,0203;-0,0281;0,0544;0,051664;-0,004912;0,0129
198010;0,0106;0,0247;-0,0274;0,0167;-0,0122;0,0732;0,040221;0,004872;-0,0022
198011;0,0959;-0,0345;-0,0835;0,0453;-0,0574;0,1524;0,090038;-0,018913;-0,0626
198012;-0,0452;-0,0028;0,0268;-0,0125;0,0118;-0,0665;-0,013091;0,009482;0,0092
198101;-0,0504;0,03;0,0684;-0,0354;0,0435;-0,0794;-0,048819;0,023986;0,0471
198102;0,0057;-0,0031;0,0097;0,0019;0,0225;-0,0139;0,007112;0,018857;0,0196
198103;0,0356;0,0358;0,0067;-0,0234;-0,0053;0,0074;-0,012846;-0,017376;0,0367
198104;-0,0211;0,0442;0,0226;0,0082;0,012;-0,0096;0,01313;0,023693;0,0567
198105;0,0011;0,02;-0,0043;0,0033;-0,016;0,0375;-0,00031;-0,005126;-0,0036
198106;-0,0236;-0,0085;0,0513;-0,0135;0,0268;-0,059;-0,000363;0,027016;0,0544
198107;-0,0154;-0,0218;-0,0066;0,0108;-0,0304;-0,0252;0,031701;-0,019616;-0,0134
198108;-0,0704;-0,0195;0,0484;-0,0025;0,0146;-0,0112;0,007274;0,012272;0,02
198109;-0,0717;-0,0266;0,052;-0,0002;0,0279;0,0198;0,006074;0,035677;-0,0162
198110;0,0492;0,0213;-0,0421;0,0329;-0,0276;0,0407;0,048052;-0,009324;-0,0194
198111;0,0336;-0,0096;0,019;0,001;0,0063;-0,0027;0,005384;0,005772;0,0437
198112;-0,0365;0,0117;0,0074;0,0019;0,0241;0,0132;-0,005258;0,018902;0,0221
198201;-0,0324;-0,0129;0,0317;-0,0152;0,0208;0,0173;-0,014965;0,019657;0,0002
198202;-0,0586;0,0049;0,061;-0,0338;0,0457;0,05;0,002831;0,04692;0,0302
198203;-0,0187;-0,0019;0,0378;-0,0144;0,0237;0,0293;-0,017068;0,018195;0,0164
198204;0,0327;0,0151;-0,0278;0,0151;-0,0015;-0,0041;0,019119;0,012224;0,0214
198205;-0,0399;0,0047;0,0181;0,0091;-0,0009;0,0255;-0,004668;-0,005126;0,0248
198206;-0,0309;-0,004;0,0154;0,0003;0,0272;0,05;0,001351;0,028363;-0,0049
198207;-0,0319;0,0084;0,0015;0,0103;0,0154;0,0447;0,028115;0,020984;0,0149
198208;0,1114;-0,0411;0,0116;-0,0196;0,0018;-0,0352;-0,012378;-0,00524;-0,0227
198209;0,0129;0,0288;0,0034;0,0212;-0,0004;0,0417;0,036253;0,010037;0,0755
198210;0,113;0,0235;-0,0368;0,003;-0,0037;0,0003;-0,007911;-0,010627;0,0278
198211;0,0467;0,0477;-0,0196;-0,0105;0,0032;0,0589;0,032276;0,01401;0,0673
198212;0,0055;-0,0018;0,0001;-0,0007;0,0103;0,0002;-0,007457;0,004203;0,0304
198301;0,036;0,027;-0,0086;-0,015;-0,0046;-0,017;-0,024907;-0,007363;0,0268
198302;0,0259;0,0323;0,0067;-0,0057;0,0102;0,0383;0,031079;0,015546;0,0833
198303;0,0282;0,0177;0,0207;-0,0007;0,0281;0,0093;0,012412;0,028076;0,0653
198304;0,0667;0,0053;0,006;-0,0016;0,016;0,018;0,005924;0,021438;0,0467
198305;0,0052;0,0616;-0,014;-0,0185;-0,0153;-0,0159;-0,036447;-0,015267;0,0313
198306;0,0307;0,0091;-0,0387;0,0252;-0,0089;0,0178;0,016774;-0,01105;0,0288
198307;-0,0407;0,0146;0,0562;-0,0003;0,0284;-0,0313;0,01194;0,027744;0,038
198308;-0,005;-0,043;0,0555;0,0045;0,0195;-0,0544;-0,004458;0,011896;-0,0088
198309;0,0091;0,0056;0,0109;0,0121;0,0059;-0,001;0,032784;0,013672;0,0347
198310;-0,0344;-0,036;0,0506;-0,0081;0,0297;-0,0456;0,016521;0,026752;0,0348
198311;0,0216;0,0204;-0,0062;-0,0048;0,0064;-0,0009;-0,002409;0,011084;-0,0013
198312;-0,0178;-0,0029;0,0167;0,0159;0,0121;0,0074;-0,015443;0,013314;0,0136
198401;-0,0192;-0,0043;0,0763;-0,0093;0,03;-0,0249;-0,037142;0,02328;0,033
198402;-0,0482;-0,0171;0,0336;0,0082;0,0157;0,0019;-0,007799;0,009164;-0,0192
198403;0,0063;0,0007;0,0048;-0,0093;0,0109;0,0109;-0,006017;0,007269;-0,0022
198404;-0,0051;-0,012;0,0129;0,0327;0,0076;0,0205;0,021327;0,010354;-0,0019
198405;-0,0597;0,0003;0,0026;0,0232;-0,005;0,0152;0,018025;-0,014655;0,0177
198406;0,0182;-0,0032;-0,026;0,0308;-0,0151;-0,007;0,018586;-0,022535;0,0075
198407;-0,0274;-0,0221;0,0049;0,0369;-0,0217;0,0293;0,036501;-0,012812;0,0291
198408;0,1028;-0,0025;-0,0185;-0,0089;-0,0081;-0,0569;0,009506;-0,004724;0,0003
198409;-0,008;0,002;0,0532;0,014;0,0253;0,0367;0,002349;0,025778;0,0445
198410;-0,0084;-0,012;0,0051;0,0117;-0,0116;0,0321;0,026866;-0,003578;0,0269
198411;-0,0176;-0,0062;0,0408;0,0081;0,0208;0,017;0,008011;0,022392;0,0126
198412;0,0184;-0,006;-0,0017;0,0121;-0,0126;0,0154;0,025505;-0,008247;0,0026
198501;0,0799;0,0327;-0,0543;-0,0083;-0,0336;-0,069;0,009728;-0,034515;0,0208
198502;0,0122;0,0076;-0,0012;0,0126;0,0103;0,0182;0,015462;0,010906;0,0479
198503;-0,0084;-0,0115;0,041;0,0118;0,0294;0,0168;0,009211;0,033007;0,0332
198504;-0,0096;0,0014;0,0373;0,0159;0,0071;0,0306;0,001247;0,014025;0,0332
198505;0,0509;-0,0225;-0,0086;0,013;-0,0139;0,04;0,032192;-0,012263;0,0155
198506;0,0127;0,0046;0,004;0,0173;-0,0059;0,0363;0,029012;-0,001952;0,0295
198507;-0,0074;0,0285;-0,0163;-0,0045;-0,0031;-0,0394;-0,018254;-0,008273;-0,0048
198508;-0,0102;-0,0034;0,0228;-0,0004;0,0188;0,0182;0,004306;0,020991;0,0083
198509;-0,0454;-0,0158;0,0132;0,0116;0,0161;0,0148;0,012;0,019838;0,0048
198510;0,0402;-0,0157;0,0078;0,0092;-0,0111;0,0488;0,021957;0,00262;0,0222
198511;0,0648;0,0023;-0,0287;0,0029;-0,0233;-0,004;0,018021;-0,016424;0,0239
198512;0,0388;-0,0049;-0,0153;0,0097;-0,018;-0,0013;0,017907;-0,014693;0,0316
198601;0,0065;0,0122;0,0053;-0,0202;-0,0205;0,0296;0,017395;-0,007089;0,0181
198602;0,0713;-0,0065;-0,0094;0,0115;-0,0139;0,0278;0,022439;-0,014614;0,044
198603;0,0488;-0,0052;-0,0044;0,0112;0,0099;0,0245;0,020588;0,010696;0,0453
198604;-0,0131;0,0284;-0,0285;0,0291;0,0002;-0,005;0,006536;-0,015629;0,0187
198605;0,0462;-0,0132;-0,0011;0,0208;0,0111;0,0202;0,034486;0,012742;0,0332
198606;0,0103;-0,0091;0,014;0,0183;0,0087;0,0516;0,05297;0,016352;0,0512
198607;-0,0645;-0,0338;0,0478;-0,0057;0,0061;0,018;0,030072;0,013587;0,0142
198608;0,0607;-0,0417;0,0352;-0,0174;0,0324;-0,0501;-0,027171;0,030888;-0,0159
198609;-0,086;0,0228;0,0319;-0,0005;0,0362;-0,0586;-0,038269;0,033936;-0,0244
198610;0,0466;-0,0248;-0,0132;0,0013;0,0089;0,0269;0,009132;0,000726;-0,0146
198611;0,0117;-0,0192;-0,0006;0,0112;0,0061;-0,0032;0,010802;0,003937;-0,0097
198612;-0,0327;0,0008;0,0037;0,0083;-0,0003;0,004;0,01867;0,010972;-0,0222
198701;0,1247;-0,0181;-0,0318;0,002;-0,0109;0,021;0,009773;-0,012057;0,0363
198702;0,0439;0,0349;-0,0599;-0,009;-0,0276;-0,0217;0,021111;-0,019813;0,0053
198703;0,0164;0,0037;0,0166;0,0136;0,0403;0,016;-0,011975;0,041787;0,0494
198704;-0,0211;-0,0169;-0,0033;-0,0046;0,0122;0,0026;-0,014873;0,002809;0,0042
198705;0,0011;-0,0053;0,0013;0,0052;0,0132;-0,0068;-0,023887;-0,00089;-0,0035
198706;0,0394;-0,0218;0,0107;0,0173;0,0083;-0,002;0,014062;0,013796;0,0225
198707;0,0385;-0,0067;0,0066;-0,005;0,0156;0,0267;-0,01774;0,000906;0,0425
198708;0,0352;-0,0072;-0,009;0,0203;-0,0159;-0,0087;0,038224;-0,0024;-0,0054
198709;-0,0259;0,0052;0,0028;-0,009;0,0189;0,0071;0,005862;0,018849;0,0006
198710;-0,2324;-0,0843;0,0423;0,0201;0,0239;-0,0786;0,00571;0,033037;-0,1269
198711;-0,0777;0,0277;0,0314;-0,0192;0,0071;-0,0115;-0,007044;0,006495;0,0436
198712;0,0681;0,0013;-0,0449;0,0301;-0,0236;0,0583;0,038851;-0,024618;-0,0926
198801;0,0421;-0,0077;0,0508;-0,0112;0,0209;-0,0758;-0,040738;0,013266;0,0373
198802;0,0475;0,0336;-0,0165;0,0156;-0,0011;-0,0154;0,010481;-0,005932;-0,0118
198803;-0,0227;0,0616;0,0074;-0,0016;0,0191;0,0063;-0,021454;0,016329;0,0552
198804;0,0056;0,0096;0,0169;-0,0023;0,019;0,0225;0,006524;0,021413;0,0185
198805;-0,0029;-0,0264;0,023;-0,007;0,0038;0,0064;-0,001385;0,004606;0,0099
198806;0,0479;0,0216;-0,0107;0,0142;-0,0325;-0,0291;0,023096;-0,030728;-0,0054
198807;-0,0125;-0,0021;0,0227;-0,0059;0,0145;0,0063;-0,01183;0,011126;0,0158
198808;-0,0331;0,0004;0,0203;-0,0076;0,0174;0,0033;-0,021331;0,016595;0,0146
198809;0,033;-0,0125;-0,0068;0,0172;-0,0048;0,0024;0,021637;-0,003702;-0,0213
198810;0,0115;-0,029;0,0171;0,014;0,0104;0,0131;0,001131;0,004982;0,0021
198811;-0,0229;-0,0174;0,0124;-0,0031;0,016;0,0042;-0,004641;0,013915;-0,0193
198812;0,0149;0,0195;-0,0155;0,0064;-0,0037;0,0042;0,008732;0,004733;-0,0253
198901;0,061;-0,0214;0,0051;-0,0103;0,0016;-0,0014;-0,003618;0,000239;0,0086
198902;-0,0225;0,0276;0,0087;-0,0082;0,0189;0,0094;-0,004831;0,01586;0,0104
198903;0,0157;0,0074;0,0046;0,0001;0,0079;0,0355;-0,000879;0,01296;0,0206
198904;0,0433;-0,0059;-0,0145;0,0076;-0,0054;0,0169;0,011675;-0,00274;0,009
198905;0,0335;-0,0004;-0,0082;0,0049;-0,0004;0,0156;0,0131;0,001261;-0,0044
198906;-0,0135;-0,0101;0,0219;0,0024;0,0152;0,0065;-0,001784;0,015784;0,0201
198907;0,072;-0,0402;-0,0284;0,0199;-0,0062;0,0544;0,049021;-0,003429;0,0086
198908;0,0144;0,005;0,0072;0,0041;-0,005;-0,0014;0,016706;-0,004271;0,0092
198909;-0,0076;0,0028;-0,0134;0,014;0,0059;0,034;0,016168;0,011867;0,0008
198910;-0,0367;-0,033;-0,0103;0;0,0002;0,0137;0,013911;0,012867;0,0049
198911;0,0103;-0,0124;-0,0112;-0,0091;0,0147;0,0258;0,002317;0,016249;0,0131
198912;0,0116;-0,0241;0,0028;-0,001;0,0145;0,0281;0,010581;0,01579;-0,009
199001;-0,0785;-0,0129;0,0087;-0,0113;0,0132;-0,0328;0,000231;0,009053;-0,0021
199002;0,0111;0,0103;0,0061;-0,0019;-0,0064;-0,0053;-0,00401;-0,010975;-0,0135
199003;0,0183;0,0152;-0,029;0,0215;-0,0102;0,0165;0,02243;-0,003595;-0,0021
199004;-0,0336;-0,005;-0,0255;0,0172;-0,0098;0,024;0,022141;-0,00787;-0,0246
199005;0,0842;-0,0257;-0,0374;0,0165;-0,0157;0,0305;0,037639;-0,008183;-0,0201
199006;-0,0109;0,0143;-0,0194;-0,01;-0,0034;0,0243;0,022175;0,002713;0,0133
199007;-0,019;-0,0321;-0,0001;-0,0027;0,031;0,0593;0,025795;0,039945;0,0047
199008;-0,1015;-0,0358;0,0158;-0,0043;0,0299;0,0178;-0,010206;0,037185;-0,0207
199009;-0,0612;-0,0367;0,0073;-0,0016;0,0371;0,0553;-0,004876;0,02575;0,0005
199010;-0,0192;-0,0551;0,0022;0,0287;-0,0049;0,0673;0,02102;0,002264;-0,0405
199011;0,0635;0,0033;-0,0316;0,0082;-0,0475;-0,0562;0,015223;-0,039682;-0,0512
199012;0,0246;0,0079;-0,0154;0,0286;-0,02;0,0016;0,039192;-0,01942;-0,0124
199101;0,0469;0,0379;-0,0184;0,0155;-0,0408;-0,0653;0,001517;-0,039407;-0,0613
199102;0,0719;0,0395;-0,0054;-0,0027;-0,0016;-0,0473;-0,012271;0,001596;0,0155
199103;0,0265;0,0389;-0,0123;-0,0039;-0,0099;0,0283;0,016607;-0,009255;0,0144
199104;-0,0028;0,005;0,0142;0,0053;0,0071;-0,024;0,013908;0,004803;0,0485
199105;0,0365;-0,0034;-0,0057;0,0211;-0,0245;-0,001;-0,006927;-0,019576;0,0114
199106;-0,0494;0,0007;0,0121;0,0175;0,0063;0,0046;0,013632;0,006187;0,0256
199107;0,0424;-0,0093;-0,0125;0,0161;-0,0141;0,0431;0,031421;-0,00614;0,0031
199108;0,0232;0,0159;-0,0078;0,0088;-0,0055;0,0163;0,012334;0,000166;0,0132
199109;-0,0159;0,0163;-0,01;-0,0181;0,0016;0,0173;-0,00383;-0,008092;0,0287
199110;0,0129;0,009;-0,0043;-0,0173;-0,0029;0,0323;0,001098;0,012809;0,0217
199111;-0,0419;-0,0048;-0,0193;0,0108;0,0012;0,0126;0,0345;0,003441;0,0262
199112;0,1084;-0,0224;-0,0403;0,0358;-0,0312;0,083;0,068643;-0,020468;-0,0329
199201;-0,0059;0,0847;0,0451;-0,0133;0,0315;-0,0251;-0,039617;0,015253;0,0536
199202;0,0109;0,0088;0,0637;0,0009;0,0204;-0,0058;0,008278;0,022887;0,0387
199203;-0,0266;-0,0103;0,0365;-0,0008;0,0193;-0,0036;0,010721;0,020219;0,0241
199204;0,0107;-0,0612;0,0431;0,0171;0,0222;-0,026;-0,016567;0,018166;-0,0033
199205;0,003;0,0039;0,0128;-0,0096;0,0043;0,0013;-0,001166;0,003615;0,0113
199206;-0,0234;-0,0309;0,034;-0,0003;0,0107;-0,0061;0,007956;0,00567;0,0162
199207;0,0377;-0,0044;-0,0053;0,0157;-0,0072;0,0144;0,026153;0,003704;0,0134
199208;-0,0238;-0,0012;-0,0103;0,0379;-0,0162;-0,0051;0,014734;-0,007675;0,0104
199209;0,0119;0,0056;-0,0021;0,0153;-0,005;0,0143;0,023068;-0,003957;0,0174
199210;0,0102;0,0205;-0,021;0,0131;-0,008;0,0271;0,021402;-0,003914;-0,0044
199211;0,0413;0,037;-0,0148;-0,0084;-0,0191;-0,0034;0,009023;-0,012252;-0,0049
199212;0,0153;0,0164;0,0252;-0,0044;0,0075;0,0444;0,018416;0,014433;0,0343
199301;0,0093;0,0203;0,0587;-0,0177;0,0278;0,0483;-0,014159;0,029767;0,0781
199302;0,0012;-0,0343;0,0642;-0,005;0,0405;0,031;-0,014748;0,036442;0,0584
199303;0,023;0,0023;0,0122;-0,0029;0,0092;0,0374;0,018004;0,009528;0,0464
199304;-0,0305;-0,007;0,0261;-0,0369;0,0152;0,0033;-0,030085;0,012198;0,0486
199305;0,0289;0,0196;-0,0341;-0,0001;-0,0118;0,003;-0,005424;-0,008001;0,0094
199306;0,0031;-0,0031;0,0262;-0,0106;0,0109;0,0458;0,029356;0,018326;0,0357
199307;-0,0034;0,0093;0,0325;-0,0218;0,0203;0,0325;-0,005377;0,014857;0,0358
199308;0,0371;0,0031;-0,0045;-0,0115;-0,0004;0,0258;0,00467;-0,000651;0,0224
199309;-0,0012;0,0311;-0,0044;0,0077;-0,0008;0,0341;0,009383;0,002739;0,0308
199310;0,0141;0,0145;-0,0154;-0,001;0,006;-0,0267;-0,01429;-0,005554;0,0326
199311;-0,0189;-0,0142;-0,0027;0,0155;-0,0095;-0,0471;-0,007219;-0,007638;-0,0348
199312;0,0165;0,0122;0,0057;0,007;-0,0032;0,0228;0,023752;-0,002397;0,0129
199401;0,0287;0,0015;0,0209;-0,0229;0,0144;0,0002;-0,008224;0,011615;0,035
199402;-0,0255;0,0273;-0,0145;0,0245;-0,0103;-0,0029;0,026564;-0,004624;-0,0124
199403;-0,0478;-0,0098;0,0129;0,0077;0,0127;-0,0133;0,002169;0,009673;-0,0081
199404;0,0068;-0,0092;0,0168;0,0101;0,0112;0,0041;0,014826;0,012677;-0,0126
199405;0,0058;-0,0201;0,002;0,009;0,007;-0,0215;-0,007221;0,005192;0,009
199406;-0,0303;-0,0045;0,0169;0,0116;0,0153;-0,0082;0,00191;0,009418;0,015
199407;0,0282;-0,0172;0,0062;-0,0089;0,0011;0,0019;0,007146;0,004364;-0,0074
199408;0,0401;0,0134;-0,0281;0,0087;-0,0145;0,0156;0,020678;-0,006882;-0,0228
199409;-0,0231;0,0283;-0,0191;0,006;0,0093;0,0132;0,010702;0,005683;0,0384
199410;0,0134;-0,0235;-0,0174;0,0058;-0,0062;0,0143;0,003868;0,002235;-0,02
199411;-0,0404;0,0026;-0,0094;0,0081;-0,0044;-0,002;0,013627;-0,010009;-0,039
199412;0,0086;0,0004;0,0054;0,0042;0,0031;0,035;0,040151;0,012826;-0,0306
199501;0,018;-0,0265;0,0081;0,0061;-0,0083;-0,0182;-0,000282;-0,00032;0,0129
199502;0,0363;-0,0067;0,0109;0,0058;-0,0033;-0,0036;0,005089;-0,008327;0,0134
199503;0,0219;-0,0069;-0,011;-0,0033;0,0016;0,0039;0,012495;0,001458;0,0122
199504;0,0211;-0,0063;0,0227;0,0005;0,01;0,018;0,001905;4,30E-05;0,0131
199505;0,029;-0,0221;0,0172;0,0046;0,0009;-0,0044;-0,009955;0,008572;0,0144
199506;0,0272;0,0293;-0,0228;-0,0048;-0,0244;0,029;0,021324;-0,017442;0,0184
199507;0,0372;0,021;-0,0167;0,0045;-0,017;0,0253;0,009478;-0,025244;0,0159
199508;0,0055;0,0159;0,0271;-0,0136;0,0164;0,0009;0,001635;0,021659;0,0344
199509;0,0335;-0,0211;-0,0075;0,0133;0,0036;0,0271;0,014294;0,018764;0,032
199510;-0,0152;-0,0375;-0,0074;0,0214;-0,0003;0,0411;0,028045;0,007869;-0,0039
199511;0,0396;-0,0116;0,0094;-0,0082;0,0119;-0,0065;-0,002423;0,011519;-0,0105
199512;0,0103;0,0058;0,0087;-0,0133;0,0299;0,0254;0,002894;0,031218;0,0225
199601;0,0226;-0,0262;0,003;-0,0064;0,0228;0,0057;-0,015145;0,024345;0,044
199602;0,0133;0,0189;-0,0142;0,004;-0,018;0,0057;0,031343;-0,00995;0,0082
199603;0,0073;0,0131;0,0101;0,013;-0,0097;-0,0188;0,002568;-0,006444;0,0259
199604;0,0206;0,0491;-0,0391;0,0018;-0,022;-0,0091;0,028427;-0,017122;0,0008
199605;0,0236;0,0305;-0,012;0,0043;-0,0022;0,0155;0,017912;0,010609;0,0372
199606;-0,0114;-0,0358;0,0156;0,0346;0,0109;0,0101;0,008619;0,017015;0,0341
199607;-0,0597;-0,0383;0,0445;0,0283;0,026;-0,0011;0,024171;0,02024;-0,0015
199608;0,0277;0,023;-0,0046;-0,003;-0,0242;-0,0005;0,001208;-0,018438;0,0109
199609;0,0501;-0,0088;-0,0315;0,0151;-0,0218;0,027;0,021972;-0,017281;0,0131
199610;0,0086;-0,0444;0,0513;0,0132;0,0298;0,0391;0,019016;0,036469;0,0327
199611;0,0625;-0,0389;0,0117;0,02;-0,0073;-0,0223;0,008143;-0,013062;0,009
199612;-0,017;0,0319;0,0088;0,0054;0,0151;0,0061;0,009562;0,012042;0,0245
199701;0,0498;-0,0184;-0,0164;0,0131;-0,0028;0,0195;0,01781;-0,006163;0,0395
199702;-0,0049;-0,0291;0,052;0,0068;0,0342;-0,0206;-0,015541;0,029357;0,0587
199703;-0,0502;-0,0038;0,0381;0,0036;0,0166;0,0097;0,017604;0,017651;0,0298
199704;0,0404;-0,0565;-0,0006;0,0325;-0,0089;0,0492;0,03856;-0,018757;-0,0146
199705;0,0674;0,0489;-0,0388;-0,0097;-0,0291;-0,0516;-0,002413;-0,032146;-0,0174
199706;0,041;0,0132;0,0123;0,0101;0,0055;0,0262;0,021184;0,002212;0,0575
199707;0,0733;-0,028;0,0082;-0,0024;-0,0256;0,0381;0,013313;-0,029906;0,0092
199708;-0,0415;0,0731;0,0138;-0,0093;-0,0002;-0,0255;-0,014326;-0,00769;0,0216
199709;0,0535;0,0261;0,0001;-0,0139;-0,0093;0,0145;-0,010519;-0,001147;0,0824
199710;-0,038;-0,0068;0,0195;0,0109;0,0187;-0,0039;-0,010299;0,026402;0,0463
199711;0,0298;-0,0495;0,0079;0,0307;0,0166;0,0029;0,014063;0,028658;0,0165
199712;0,0132;-0,0235;0,0345;0,0119;0,0192;0,0395;0,015733;0,022279;0,067
199801;0,0015;-0,0116;-0,0145;0,0046;-0,0085;0,0011;0,021906;-0,011806;-0,0136
199802;0,0704;0,0001;-0,0013;-0,0086;-0,0241;-0,0114;0,011398;-0,024559;0,0009
199803;0,0476;-0,0093;0,0105;-0,0102;-0,0047;0,0215;-0,001748;0,004864;0,0372
199804;0,0073;0,0021;0,0074;-0,0213;-0,0023;0,0078;-0,001997;0,001799;0,0316
199805;-0,0307;-0,0375;0,0416;0,0096;0,0254;0,0188;0,017802;0,022656;0,0175
199806;0,0318;-0,0316;-0,0233;-0,0052;-0,0293;0,0726;0,031588;-0,01514;-0,0118
199807;-0,0246;-0,0512;-0,0096;0,0182;0,0045;0,0368;0,009701;0,018861;-0,0029
199808;-0,1608;-0,0531;0,034;0,0347;0,0584;0,0188;0,030576;0,054493;-0,008
199809;0,0615;-0,0014;-0,0331;-0,0151;-0,0291;-0,0071;-0,018245;-0,030781;-0,0369
199810;0,0713;-0,0329;-0,0221;0,0059;0,0029;-0,0536;0,006375;-0,009494;-0,0876
199811;0,061;0,0107;-0,0315;-0,0124;-0,0115;0,0116;0,013693;-0,000252;-0,0357
199812;0,0616;-0,0035;-0,0446;-0,0075;-0,0333;0,0899;0,029291;-0,029398;-0,0287
199901;0,035;0,0037;-0,0403;-0,0269;-0,0686;0,0305;-0,032508;-0,04462;-0,0372
199902;-0,0408;-0,0567;0,014;-0,0171;0,0409;-0,0015;0,00016;0,04814;0,01
199903;0,0345;-0,0392;-0,0265;-0,042;-0,014;-0,0129;-0,006922;0,002962;-0,073
199904;0,0433;0,04;0,0253;-0,0242;0,0092;-0,0906;-0,051524;0,026497;-0,002
199905;-0,0246;0,0342;0,024;0,0109;0,0336;-0,0528;0,006807;0,004521;0,0361
199906;0,0477;0,0305;-0,036;0,0132;-0,0338;0,0488;0,023906;-0,021207;-0,0133
199907;-0,0349;0,0267;-0,0076;0,0049;0,0311;0,015;0,010146;0,034204;0,001
199908;-0,0138;-0,0127;-0,0131;-0,003;0,0031;0,0292;-0,00027;-0,011996;-0,0267
199909;-0,0279;0,0334;-0,0339;-0,0072;-0,0107;0,0645;-0,00183;-0,013841;-0,0497
199910;0,0612;-0,0695;-0,0289;-0,0172;-0,0125;0,0548;0,020652;0,003587;-0,0242
199911;0,0337;0,0737;-0,0651;-0,0385;-0,0158;0,0561;-0,029734;-0,038975;-0,1195
199912;0,0772;0,0712;-0,0873;-0,0791;-0,0529;0,1319;-0,054542;-0,054989;-0,1132
200001;-0,0474;0,0495;-0,0028;-0,0605;0,0473;0,0186;-0,050544;0,028805;-0,002
200002;0,0245;0,217;-0,0993;-0,1834;-0,0051;0,1836;-0,075429;-0,053828;-0,1345
200003;0,052;-0,1687;0,0737;0,1167;-0,0105;-0,0639;0,076659;0,018173;0,0008
200004;-0,064;-0,0772;0,0861;0,0755;0,0527;-0,0858;0,087101;0,037882;0,069
200005;-0,0442;-0,0511;0,0257;0,0464;0,0074;-0,0908;0,000542;0,005427;0,0605
200006;0,0464;0,1385;-0,0986;-0,0683;-0,0307;0,1659;-0,047744;-0,034094;-0,1012
200007;-0,0251;-0,0276;0,0806;0,06;0,0299;-0,0011;0,034368;0,022531;0,0614
200008;0,0703;-0,0115;-0,0066;-0,0307;0,0061;0,057;-0,020644;-0,007843;-0,0507
200009;-0,0545;-0,0132;0,0613;0,0308;0,0643;0,0219;0,021;0,052174;0,0817
200010;-0,0276;-0,038;0,0564;0,0966;0,0467;-0,0463;0,073385;0,029431;0,0128
200011;-0,1072;-0,0277;0,1126;0,1333;0,0851;-0,024;0,103785;0,074717;0,1349
200012;0,0119;0,0096;0,0738;0,0185;0,0568;0,067;0,051898;0,063526;0,0838
200101;0,0313;0,0654;-0,0486;-0,0444;-0,0655;-0,2505;-0,108206;-0,071572;-0,1567
200102;-0,1005;-0,0072;0,1287;0,09;0,0956;0,1251;0,051658;0,092411;0,1536
200103;-0,0726;0,0035;0,0646;0,0341;0,0394;0,0835;0,034576;0,037534;0,1054
200104;0,0794;0,0054;-0,0472;-0,0272;-0,0395;-0,0797;0,00068;-0,037757;-0,0478
200105;0,0072;0,0258;0,0317;0,0018;0,0218;0,0212;-0,025522;0,023431;0,0665
200106;-0,0194;0,0603;-0,0103;0,0203;-0,0179;0,0034;-0,007474;-0,017646;0,0343
200107;-0,0213;-0,0435;0,0557;0,0716;0,0301;0,0547;0,039482;0,013779;0,0708
200108;-0,0646;0,025;0,025;0,0395;0,065;0,0554;0,043127;0,056422;0,0705
200109;-0,0925;-0,0612;0,016;0,0496;0,0327;0,1154;0,091938;0,028668;0,0519
200110;0,0246;0,0763;-0,081;-0,0266;-0,0464;-0,0841;-0,04393;-0,029725;-0,07
200111;0,0754;-0,0041;0,0201;-0,0376;-0,0166;-0,0858;-0,084926;-0,011368;-0,064
200112;0,0161;0,0457;0,011;0,003;-0,0029;-0,0002;0,005359;-0,00183;0,0194
200201;-0,0144;0,0119;0,0333;0,0435;0,0284;0,0368;0,002975;0,032511;0,0512
200202;-0,0229;-0,011;0,025;0,0762;0,0512;0,0676;0,053193;0,044486;0,0966
200203;0,0424;0,0423;0,011;-0,0136;0,0061;-0,0167;-0,047081;0,007823;0,0307
200204;-0,052;0,0594;0,0393;0,0457;0,0541;0,0796;0,054656;0,040765;0,1296
200205;-0,0138;-0,0321;0,0168;0,0227;0,0242;0,0297;0,018106;0,021871;0,074
200206;-0,0721;0,0427;0,0012;0,0362;0,0251;0,0615;0,049344;0,035486;0,081
200207;-0,0818;-0,053;-0,0344;0,0419;-0,0072;0,0334;0,066992;0,01979;-0,0135
200208;0,005;-0,0244;0,0253;0,0115;-0,0161;0,0176;0,024777;-0,008647;0,0311
200209;-0,1035;0,0257;0,0132;0,0324;-0,0228;0,0909;0,044209;-0,021444;0,0552
200210;0,0784;-0,029;-0,0545;-0,0328;0,0092;-0,0529;-0,046493;0,00293;-0,089
200211;0,0596;0,0284;-0,0112;-0,0913;0,0512;-0,1617;-0,111746;0,03273;-0,1437
200212;-0,0576;0,0001;0,0223;0,0604;-0,0159;0,0964;0,053208;-0,022586;0,1218
200301;-0,0257;0,0138;-0,0094;-0,0063;0,0081;0,0161;-0,006002;0,006899;0,0139
200302;-0,0188;-0,0034;-0,0145;0,0104;-0,0055;0,0125;0,009046;-0,001271;0,0189
200303;0,0109;0,0089;-0,0207;0,018;-0,0069;0,0162;0,034452;-0,001302;0,0121
200304;0,0822;0,0056;0,0103;-0,0457;0,0114;-0,0946;-0,044538;0,010369;-0,0343
200305;0,0605;0,0469;-0,0029;-0,0692;0,0322;-0,1077;-0,082383;0,01848;-0,0561
200306;0,0142;0,0167;0,0069;0,0055;-0,0033;-0,0106;0,011007;-0,010629;0,0186
200307;0,0235;0,0524;-0,0114;-0,0417;0,0187;-0,0031;-0,017459;0,023396;0,0055
200308;0,0234;0,026;0,0203;-0,0246;0,022;-0,0056;-0,012401;0,023638;0,0035
200309;-0,0124;0,008;0,0001;0,0134;0,0031;-0,0019;0,012633;0,002277;0,0179
200310;0,0608;0,0268;0,0177;-0,0159;0,0155;0,0373;-0,017515;0,010318;0,0026
200311;0,0135;0,0202;0,0185;0,0008;0,0167;0,0162;0,007762;0,023057;0,0458
200312;0,0429;-0,03;0,0241;0;0,0097;-0,0571;-0,017383;0,007725;0,0627
200401;0,0215;0,028;0,0197;-0,0353;0,034;0,026;-0,024369;0,020594;-0,0146
200402;0,014;-0,0143;0,005;0,0228;-0,0134;-0,011;0,021326;-0,008838;0,0539
200403;-0,0132;0,0175;0,0022;0,015;-0,0104;0,0021;0,017567;-0,007362;0,0513
200404;-0,0183;-0,0206;-0,0262;0,0331;-0,028;-0,0539;0,000193;-0,029004;0,0009
200405;0,0117;-0,0021;-0,0039;-0,0097;-0,0008;0,016;0,010708;0,005514;0,0038
200406;0,0186;0,0226;0,0139;0,0112;-0,0041;0,021;0,00558;-0,002619;0,0255
200407;-0,0406;-0,0381;0,0411;0,0508;-0,0162;-0,0229;0,024031;-0,009737;0,0598
200408;0,0008;-0,0162;0,0103;0,013;-0,0143;-0,0155;-0,012288;-0,012012;0,0267
200409;0,016;0,0303;-0,0025;-0,0134;-0,019;0,0524;-0,002111;-0,022103;0,03
200410;0,0143;0,0031;-0,0063;-0,0007;0,004;-0,0152;-0,014395;0,005882;0,0153
200411;0,0454;0,039;0,0179;-0,0106;-0,0022;0,0323;-0,011336;-0,004175;0,0309
200412;0,0343;0,0011;-0,0008;-0,0126;0,0051;-0,0284;-0,008596;0,003071;0,015
200501;-0,0276;-0,0151;0,0196;0,0305;-0,0138;0,032;0,032477;-0,004017;0,0392
200502;0,0189;-0,005;0,0165;0,012;-0,0005;0,0317;0,035699;0,002844;0,0345
200503;-0,0197;-0,0137;0,0161;0,0047;0,0112;0,0055;0,005349;0,009149;0,0064
200504;-0,0261;-0,0398;-0,0035;0,0096;-0,009;-0,0086;-0,011017;-0,014659;0,0146
200505;0,0365;0,0288;-0,0081;-0,0131;0,0028;0,0044;0,009635;-0,000562;-0,0188
200506;0,0057;0,0262;0,0263;0,0098;-0,0052;0,0205;-0,004251;-0,001989;0,0371
200507;0,0392;0,0293;-0,0052;-0,0119;-0,0098;0;-0,002062;-0,020743;0,0164
200508;-0,0122;-0,0092;0,0127;-0,0223;0,0045;0,0227;-0,006819;0,002404;0,0027
200509;0,0049;-0,0058;0,0077;0,0049;-0,0057;0,0345;0,008642;-0,000221;0,0015
200510;-0,0202;-0,0121;0,0022;-0,0058;-0,0126;-0,0129;0,011044;-0,00317;-0,022
200511;0,0361;0,009;-0,0119;-0,006;-0,0119;0,0025;0,00772;-0,010514;0
200512;-0,0025;-0,0046;0,0044;0,0012;0,0024;0,0077;0,002174;0,008785;0,0141
200601;0,0304;0,0542;0,0113;-0,0094;-0,0055;0,0268;-0,002587;-0,006776;0,0091
200602;-0,003;-0,0037;-0,0025;-0,007;0,02;-0,0184;-0,010088;0,024359;0,0065
200603;0,0146;0,0354;0,006;-0,0004;-0,005;0,0126;0,007682;-0,013479;0,0106
200604;0,0073;-0,0134;0,0261;0,0115;-0,0025;0,0061;0,008234;0,003423;0,0133
200605;-0,0357;-0,0305;0,0254;0,0096;0,0134;-0,0365;-0,000952;0,013187;0,003
200606;-0,0035;-0,0035;0,0087;0,0138;-0,0011;0,0148;0,010355;-0,004009;0,0008
200607;-0,0078;-0,0407;0,0294;0,0154;0,0093;-0,0222;0,005471;0,013537;0,0206
200608;0,0203;0,0091;-0,0171;-0,0174;0,0215;-0,0346;-0,013419;0,019388;-0,0046
200609;0,0184;-0,0137;0,0004;0,0088;0,0053;-0,0095;0,006243;0,009799;-0,0017
200610;0,0323;0,0173;-0,0003;-0,0022;0,0026;-0,0023;-0,002894;0,001918;0,0047
200611;0,0171;0,0086;0,0008;0,0009;-0,0088;-0,0101;0,004888;-0,015952;0,0148
200612;0,0087;-0,011;0,0316;-0,008;0,0205;0,0084;-0,005628;0,018246;0,0254
200701;0,014;0,001;-0,0011;0,0022;0,0024;0,0021;0,000117;0,006221;0,0137
200702;-0,0196;0,0132;-0,001;-0,0047;-0,0074;-0,0135;-0,007334;-0,009611;0,0116
200703;0,0068;-0,0005;-0,0022;0,0025;-0,0059;0,0249;0,004424;-0,01188;0,0008
200704;0,0349;-0,0206;-0,0115;0,0102;0,0101;-0,0016;0,005498;0,008545;0,0087
200705;0,0324;0,0002;-0,0004;0,0113;-0,0129;-0,0027;0,005252;-0,023088;-0,0103
200706;-0,0196;0,0077;-0,0112;0,0053;0,0007;0,0038;0,011897;0,009411;0,008
200707;-0,0373;-0,0251;-0,0333;0,0057;-0,0104;0,028;0,016421;-0,022854;-0,0072
200708;0,0092;-0,0013;-0,0224;-0,0091;-0,0056;0,0011;0,009747;-0,012713;-0,0292
200709;0,0322;-0,0229;-0,0186;-0,0058;-0,0317;0,0459;0,016042;-0,032483;0,0141
200710;0,018;0,0022;-0,026;-0,0031;-0,001;0,0496;0,01242;0,004806;0,0021
200711;-0,0483;-0,0262;-0,0118;0,0188;-0,0034;0,0093;0,036053;0,002065;-0,0405
200712;-0,0087;0,002;-0,0051;0,007;-0,0109;0,0652;0,022799;-0,006395;-0,0248
200801;-0,0636;-0,009;0,0365;0,0198;0,022;-0,0789;-0,003167;0,013994;-0,0209
200802;-0,0309;-0,0024;-0,0094;0,0076;-0,0106;0,0611;0,017886;-0,015041;0,0226
200803;-0,0093;0,0095;-0,0014;0,0109;0,0047;0,041;0,023741;-0,003539;-0,0673
200804;0,046;-0,0164;-0,0095;0,0128;-0,0254;-0,002;-0,008079;-0,023042;-0,0212
200805;0,0186;0,0322;-0,0138;0,0081;0,0004;0,0321;-0,003372;-0,003601;0,009
200806;-0,0844;0,0128;-0,0242;0,043;-0,0042;0,1253;0,06362;-0,001818;0,0047
200807;-0,0077;0,0245;0,0588;-0,0098;0,0106;-0,0514;0,000115;0,018233;-0,0677
200808;0,0153;0,0361;0,0152;0,0185;0,0081;-0,0404;-0,008718;0,009425;-0,013
200809;-0,0924;-0,0116;0,0633;0,0295;0,0177;0,0035;0,015935;0,031567;-0,0911
200810;-0,1723;-0,0232;-0,0289;0,036;0,0191;0,0779;0,058954;0,010567;-0,0506
200811;-0,0786;-0,0296;-0,0602;0,0483;0,0272;0,071;0,035073;0,00505;-0,0353
200812;0,0174;0,0361;-0,0025;-0,0008;-0,014;-0,0508;-0,005551;-0,023459;-0,0761
200901;-0,0812;0,0008;-0,1118;0,0023;-0,0115;-0,0184;-0,007729;-0,009211;0,119
200902;-0,101;0,0022;-0,0727;0,0171;-0,0112;0,0416;0,029629;-0,018544;-0,0033
200903;0,0895;-0,0008;0,0356;-0,0233;-0,0222;-0,1138;-0,033713;-0,004461;-0,0265
200904;0,1019;0,0477;0,0553;0,0028;0,0014;-0,3439;-0,138329;0,035049;-0,0787
200905;0,0521;-0,0234;-0,0023;-0,0098;-0,0216;-0,1244;-0,033195;-0,024199;0,0653
200906;0,0043;0,0262;-0,0272;-0,0106;-0,0017;0,0529;0,008963;0,005168;0,091
200907;0,0772;0,0207;0,0528;-0,0066;0,032;-0,0536;-0,048914;0,019785;-0,0362
200908;0,0333;-0,009;0,0775;-0,0302;0,0318;-0,0884;-0,026007;0,022621;-0,0228
200909;0,0408;0,0246;0,0093;0,0136;0,0038;-0,0493;-0,028178;-0,01154;-0,0039
200910;-0,0259;-0,0423;-0,0418;0,0418;-0,0166;0,0266;0,039459;-0,002441;0,0082
200911;0,0556;-0,025;-0,0017;0,0081;0,0013;0,0029;0,010266;-0,003517;-0,012
200912;0,0275;0,061;0;0,0048;-0,0007;0,0291;-0,018517;-0,001781;0,0094
201001;-0,0336;0,0038;0,003;-0,0139;0,0046;-0,0538;-0,01065;0,006769;0,01
201002;0,034;0,0121;0,0316;-0,0033;0,014;0,036;-0,010388;0,007576;0,0074
201003;0,0631;0,0143;0,0211;-0,0056;0,017;0,0366;-0,005129;0,015737;0,0154
201004;0,02;0,0497;0,0281;0,011;0,0169;0,0322;-0,024882;0,030559;0,0148
201005;-0,0789;0,0005;-0,0238;0,0137;-0,0022;-0,0013;0,027218;-0,004538;-0,0057
201006;-0,0556;-0,0197;-0,045;-0,0021;-0,0151;-0,03;0,01327;-0,024616;0,0231
201007;0,0693;0,0017;-0,0026;0,0024;0,0202;0,0188;-0,00853;0,012242;-0,0231
201008;-0,0477;-0,03;-0,0195;0,0072;-0,0169;-0,0019;-0,005614;-0,01777;0,0161
201009;0,0954;0,0392;-0,0313;-0,0021;0,0047;0,0135;0,005214;0,011549;-0,0119
201010;0,0388;0,0113;-0,026;0,013;-0,0023;0,0164;0,006453;-6,80E-05;0,0206
201011;0,006;0,037;-0,009;0,0024;0,0164;0,0254;-0,000799;0,018594;-0,0051
201012;0,0682;0,0069;0,0382;-0,0365;0,0322;-0,0319;-0,036697;0,030261;-0,0013
201101;0,0199;-0,0247;0,0082;-0,0089;0,0069;-0,0032;0,005565;0,013161;0,0302
201102;0,0349;0,0153;0,011;-0,0193;0,0095;0,0203;-0,016578;0,014321;0,007
201103;0,0045;0,026;-0,0158;0,0164;-0,0003;0,0351;-0,009511;-0,001252;0,0043
201104;0,029;-0,0034;-0,0252;0,0109;-0,0084;0,0006;0,015871;-0,009693;0,0055
201105;-0,0127;-0,007;-0,0208;0,0202;-0,015;-0,0058;0,001308;-0,010161;0,0142
201106;-0,0175;-0,0016;-0,0032;0,0238;-0,0145;0,0177;0,028109;-0,01152;0,0041
201107;-0,0236;-0,0135;-0,0121;0,0243;-0,0176;0,0002;0,00735;-0,020383;-0,0041
201108;-0,0599;-0,0305;-0,0248;0,032;-0,0024;-0,0033;0,025618;-0,013168;0,0076
201109;-0,0759;-0,0353;-0,0141;0,0185;0,0028;-0,0257;-0,007641;0,000766;0,0205
201110;0,1135;0,0342;-0,0018;-0,0187;-0,0088;-0,0142;0,021401;-0,005881;-0,06
201111;-0,0028;-0,0017;-0,0034;0,0179;0,0153;0,0398;0,005813;0,015244;0,0062
201112;0,0074;-0,007;0,0177;0,008;0,024;0,0195;0,011493;0,026695;0,0125
201201;0,0505;0,0215;-0,0113;-0,0181;-0,014;-0,0796;-0,006313;-0,00574;0,0068
201202;0,0442;-0,0175;0,0008;-0,0019;-0,001;-0,0028;0,002918;0,000789;0,0256
201203;0,0311;-0,0062;0,0092;-0,0033;0,0082;0,0149;0,01658;0,014304;0,0394
201204;-0,0085;-0,0052;-0,0048;0,0112;0,0067;0,0384;0,01001;0,009546;0,029
201205;-0,0619;0;-0,0059;0,0228;0,0239;0,0659;0,016157;0,026812;0,0235
201206;0,0389;0,0076;0,0044;-0,0124;0,0034;-0,0072;-0,017624;0,010221;0,0107
201207;0,0079;-0,0261;-0,0027;0,0111;0,0013;0,0316;0,015412;0,005135;0,0105
201208;0,0255;0,004;0,0131;-0,0126;-0,0073;-0,0248;-0,00502;-0,014606;-0,0087
201209;0,0273;0,0049;0,0153;-0,0138;0,0159;-0,0104;0,001849;0,011797;0,0078
201210;-0,0176;-0,0115;0,0379;-0,0139;0,0228;0,001;0,004568;0,018559;0,0201
201211;0,0078;0,0059;-0,0097;0,0068;0,0091;0,0034;0,017114;0,008177;-0,0136
201212;0,0118;0,0148;0,0358;-0,0198;0,0086;-0,0297;-0,019931;-0,008266;-0,0106
201301;0,0557;0,0039;0,0095;-0,0164;0,0147;-0,0186;-0,02101;0,015365;0,0439
201302;0,0129;-0,0045;0,0003;-0,0069;0,0048;0,0132;0,001044;0,007549;0,0187
201303;0,0403;0,0081;-0,003;0,0017;0,0131;0,0197;0,004876;0,012925;0,0233
201304;0,0155;-0,0242;0,0062;0,0007;0,0047;0,0027;-0,010102;0,001119;0,0167
201305;0,028;0,0166;0,026;-0,0166;-0,0078;-0,0178;-0,003939;-0,016561;-0,015
201306;-0,012;0,0117;-0,0017;-0,0044;-0,0001;0,0059;-0,001332;0,007015;0,0209
201307;0,0565;0,0186;0,0056;-0,0146;0,0056;0,0175;-0,004727;0,006474;0,0181
201308;-0,0271;0,0031;-0,0278;0,0062;-0,0216;0,0005;0,005517;-0,017841;-0,0037
201309;0,0377;0,0292;-0,0119;-0,0073;-0,0132;0,0296;-0,009958;-0,007254;0,0077
201310;0,0418;-0,0151;0,0114;0,027;0,0087;0,0015;0,013367;0,011611;0,0288
201311;0,0312;0,0122;0,0024;0,0014;0,0005;0,004;0,015439;0,000148;0,0195
201312;0,0281;-0,005;-0,0031;-0,0052;0,0007;0,0004;-0,001745;0,007392;0,0027
201401;-0,0332;0,0085;-0,0209;-0,0399;-0,014;0,017;-0,023143;-0,002918;0,0204
201402;0,0465;0,0034;-0,004;-0,0026;-0,0041;0,0207;-0,014762;-0,006297;-0,0018
201403;0,0043;-0,0189;0,0509;0,0216;0,019;-0,0334;0,017736;0,027038;0,0158
201404;-0,0019;-0,0424;0,0114;0,0348;0,0107;-0,0386;0,010816;0,008015;0,0021
201405;0,0206;-0,0186;-0,0027;0,001;-0,0108;0,0115;-0,006521;-0,009378;0,0107
201406;0,0261;0,0308;-0,0074;-0,0197;-0,0191;0,0067;-0,025859;-0,026584;-0,0038
201407;-0,0204;-0,0425;0,0001;0,0094;0,0047;-0,0025;0,011987;0,007155;0,0101
201408;0,0424;0,0036;-0,0059;-0,0063;-0,007;0,008;0,001455;-0,009248;0,0173
201409;-0,0197;-0,0383;-0,0123;0,0113;-0,0051;0,0052;0,030614;-0,003099;0,0247
201410;0,0252;0,0421;-0,017;-0,0047;-0,0017;0;0,016832;0,005282;0,0208
201411;0,0255;-0,0209;-0,03;0,014;0,0018;0,0106;0,025232;0,003423;0,0236
201412;-0,0006;0,0255;0,0206;-0,0116;0,0088;0,0109;-0,006545;0,004722;0,0028
201501;-0,0311;-0,0056;-0,0348;0,0167;-0,0167;0,0384;-0,003725;-0,010729;0,0262
201502;0,0613;0,0049;-0,0181;-0,0107;-0,0175;-0,0283;0,000848;-0,013948;-0,0206
201503;-0,0112;0,0303;-0,0046;0,001;-0,0051;0,0302;0,008332;-0,002642;0,0141
201504;0,0059;-0,0298;0,0185;-0,0015;-0,0049;-0,0739;-0,022005;-0,008015;-0,0216
201505;0,0136;0,0087;-0,0137;-0,0172;-0,0074;0,0601;0,014322;-0,006108;0,0268
201506;-0,0153;0,0283;-0,0079;0,005;-0,0147;0,0303;0,012469;-0,024473;0,0197
201507;0,0154;-0,0415;-0,0412;0,0004;-0,0256;0,1033;0,043496;-0,027282;0,0549
201508;-0,0604;0,0049;0,0266;0,0076;0,0125;-0,0212;0,007607;0,011607;-0,0153
201509;-0,0308;-0,0264;0,0053;0,0181;-0,0051;0,0533;0,042461;0,003176;0,0564
201510;0,0775;-0,0197;-0,0007;0,0082;0,0043;-0,0404;-0,023743;0,006273;-0,0104
201511;0,0056;0,0364;-0,0051;-0,0257;-0,011;0,0232;-0,017131;-0,005501;0,0134
201512;-0,0217;-0,0283;-0,0259;0,0031;0,0013;0,0345;0,029295;0,003217;0,0257
201601;-0,0577;-0,0335;0,0208;0,026;0,0302;0,0133;0,05324;0,027839;0,0073
201602;-0,0007;0,0079;-0,005;0,0329;0,0205;-0,0411;0,020303;0,017193;-0,0061
201603;0,0696;0,0087;0,0116;0,0081;-0,0002;-0,0513;-0,02124;-0,007078;-0,0244
201604;0,0092;0,0069;0,0326;-0,0289;0,0197;-0,0627;-0,072343;0,012908;-0,0261
201605;0,0178;-0,0027;-0,0181;-0,0102;-0,0255;0,0192;0,009588;-0,022655;0,0223
201606;-0,0005;0,0065;-0,0147;0,0119;0,0192;0,0422;0,002568;0,005039;0,0289
201607;0,0395;0,0264;-0,0111;0,0133;-0,0124;-0,0299;-0,005095;-0,021843;0,0233
201608;0,005;0,0116;0,0334;-0,0133;-0,0039;-0,0312;-0,02407;-0,002141;-0,0184
201609;0,0025;0,0202;-0,0149;-0,0229;-0,0008;-0,0058;-0,031863;0,001735;-0,0017
201610;-0,0202;-0,0439;0,0416;0,0119;0,0024;0,0065;0,03023;0,008407;0,011
201611;0,0486;0,0547;0,0829;-0,001;0,037;-0,0415;-0,011024;0,02922;-0,0162
201612;0,0182;0,001;0,0358;0,0099;-0,003;-0,0042;0,015303;-0,002623;0,0376
201701;0,0194;-0,0104;-0,0278;-0,0001;-0,0095;-0,0094;-0,013198;-0,020777;0,0007
201702;0,0357;-0,0202;-0,0179;0,0078;-0,0172;-0,0165;0,020048;-0,022683;0,0186
201703;0,0017;0,012;-0,0317;0,0068;-0,01;-0,0092;0,018823;-0,013066;0,0133
201704;0,0109;0,0071;-0,0187;0,02;-0,0155;0,0055;0,010088;-0,015535;0,0205
201705;0,0106;-0,0254;-0,0378;0,0121;-0,0188;0,0145;0,013102;-0,016642;0,0229
201706;0,0078;0,0217;0,0135;-0,0201;-0,0007;-0,0026;-0,012898;-0,004968;-0,0003
201707;0,0187;-0,0141;-0,0029;-0,0071;-0,0015;0,0163;0,015346;-0,004286;0,0019
201708;0,0016;-0,0167;-0,0224;0,0028;-0,0242;0,0352;0,004656;-0,028241;-0,0008
201709;0,0251;0,0455;0,0303;-0,0118;0,0163;-0,0117;0,004497;0,031284;-0,0018
201710;0,0225;-0,0194;-0,0005;0,0104;-0,0333;0,043;0,021725;-0,028548;0,0026
201711;0,0312;-0,0065;-0,0004;0,0312;0;-0,0073;0,018734;-0,004969;0,0201
201712;0,0106;-0,0128;0,0014;0,0065;0,0165;-0,0165;0,0032;0,017456;0,0047
201801;0,0558;-0,0303;-0,0137;-0,005;-0,0089;0,0393;-0,01311;-0,012889;-0,0003
201802;-0,0365;0,0026;-0,0119;0,0052;-0,0225;0,0396;-0,007678;-0,016939;-0,0194
201803;-0,0235;0,0395;-0,0012;-0,0051;0;-0,0124;0,001924;-0,001073;0,0246
201804;0,0029;0,0112;0,0054;-0,0209;0,0118;0,002;-0,000284;0,015935;0,0009
201805;0,0265;0,0523;-0,0316;-0,0195;-0,0142;0,0381;-0,018755;-0,010828;0,0062
201806;0,0048;0,0118;-0,0238;0,0071;0,0033;-0,0239;0,014412;-0,00409;0,0242
201807;0,0319;-0,0217;0,0043;0,0161;0,0043;-0,016;0,019596;0,004854;-0,0037
201808;0,0344;0,0115;-0,0408;-0,0028;-0,025;0,0531;0,003653;-0,02331;-0,0122
201809;0,0006;-0,0237;-0,013;0,0059;0,0124;-0,0007;0,005948;0,014117;-0,0061
201810;-0,0768;-0,0476;0,0344;0,0087;0,0345;-0,0182;0,012871;0,041298;0,0212
201811;0,0169;-0,0079;0,0025;-0,006;0,0032;-0,0142;0,0097;-0,009417;-0,001
201812;-0,0955;-0,0263;-0,0147;-0,0013;0,0016;0,0183;0,013549;-0,008273;-0,0002
201901;0,0841;0,0301;-0,0062;-0,0069;-0,0136;-0,0868;-0,039832;-0,010012;-0,0068
201902;0,034;0,0206;-0,0284;0,0024;-0,0147;0,0079;0,005759;-0,02567;0,0004
201903;0,011;-0,0313;-0,0407;0,0093;-0,0102;0,0218;-0,000365;-0,005068;0,0027
201904;0,0396;-0,0168;0,0193;0,0175;-0,0217;-0,0261;0,020847;-0,025239;-0,0013
201905;-0,0694;-0,012;-0,0239;-0,0035;0,0178;0,0761;0,006852;0,015123;0,0424
201906;0,0693;0,0034;-0,0108;0,0094;-0,0038;-0,0223;-0,001243;-0,00256;-0,0004
201907;0,0119;-0,0207;0,0014;-0,0008;0,0036;0,0268;0,005053;0,001712;0,0212
201908;-0,0258;-0,0241;-0,0499;0,0037;-0,0096;0,076;0,017673;-0,009351;0,0238
201909;0,0144;-0,009;0,0671;0,0197;0,0355;-0,0685;0,016828;0,030078;-0,0116
201910;0,0206;0,0025;-0,0207;0,0043;-0,0096;0,0024;0,006286;-0,005515;-0,0042
201911;0,0387;0,0087;-0,0186;-0,015;-0,0129;-0,0262;-0,011667;-0,010127;-0,0283
201912;0,0277;0,0068;0,0183;0,0021;0,0131;-0,0213;-0,0132;0,01836;-0,0029
202001;-0,0011;-0,044;-0,0627;-0,0136;-0,0234;0,0543;-0,003876;-0,023977;0,0416
202002;-0,0813;-0,0003;-0,0392;-0,0161;-0,0249;-0,0023;-0,005094;-0,022162;-0,0361
202003;-0,1338;-0,0838;-0,1396;-0,0138;0,0121;0,0854;0,059911;0,021208;-0,0962
202004;0,1365;0,0279;-0,0139;0,0251;-0,0103;-0,0549;-0,019954;-0,001082;-0,0183
202005;0,0558;0,0193;-0,0505;0,0071;-0,0328;0,0067;-0,005004;-0,037035;0,0473
202006;0,0246;0,0194;-0,0235;0,0003;0,0034;-0,0075;0,012001;0,002768;0,0508
202007;0,0577;-0,0303;-0,0139;0,0055;0,0106;0,0761;0,032258;-0,013047;0,0648
202008;0,0763;-0,0094;-0,0294;0,0427;-0,0144;0,0051;-0,008682;-0,028534;-0,0399
202009;-0,0363;0,0007;-0,0251;-0,0115;-0,0177;0,0305;0,012255;-0,021992;0,0129
202010;-0,021;0,0476;0,0403;-0,006;-0,0053;-0,0303;-0,024671;-0,007387;-0,0201
202011;0,1247;0,0675;0,0211;-0,0278;0,0105;-0,1225;-0,1446;0,030672;-0,0509
202012;0,0463;0,0467;-0,0136;-0,0215;0;-0,0242;-0,035415;-0,027001;0,0534
